"","Site","TrapName","Species","CNRatio","BiomassSum","AgeClass","HeightClass","CPRatio","NPRatio","porp._H_browse","porp._M_browse"
"1","Bloomfield","A1","BEPA",20.22486475,62.63556428,"21-40-years old","6.6-9.5-metres",827.2537809,40.90280905,1,1
"2","Bloomfield","A3","VAAN",50.66426603,636.4397857,"21-40-years old","6.6-9.5-metres",1202.5946,23.73654439,0,0
"3","Bloomfield","A7","BEPA",34.49189335,3.579134534,"21-40-years old","6.6-9.5-metres",398.4815105,11.55290336,0,0
"4","Bloomfield","A7","VAAN",54.72511055,829.6625254,"21-40-years old","6.6-9.5-metres",1090.149112,19.92045518,1,0
"5","Bloomfield","A9","VAAN",52.48856152,3587.749832,"21-40-years old","6.6-9.5-metres",1033.755141,19.69486516,0,0
"6","Bloomfield","C10","VAAN",54.94027825,947.9550397,"21-40-years old","6.6-9.5-metres",1102.619779,20.06942473,0,0
"7","Bloomfield","C12","VAAN",46.34438157,1927.423533,"21-40-years old","6.6-9.5-metres",1141.705494,24.63525146,0,0
"8","Bloomfield","C14","VAAN",45.4100035,2631.652858,"21-40-years old","6.6-9.5-metres",1302.445583,28.68190889,0,1
"9","Bloomfield","C2","BEPA",53.877754,0.846576586,"21-40-years old","6.6-9.5-metres",1129.801921,20.96972939,0,1
"10","Bloomfield","C2","VAAN",63.26861338,17.34555892,"21-40-years old","6.6-9.5-metres",1527.744747,24.14696111,0,0
"11","Bloomfield","C4","BEPA",38.72210697,1.753085333,"21-40-years old","6.6-9.5-metres",495.5651169,12.79798946,1,1
"12","Bloomfield","C4","VAAN",54.31855059,1478.484676,"21-40-years old","6.6-9.5-metres",1235.170571,22.73938751,1,0
"13","Bloomfield","C6","BEPA",121.8420528,1.305627232,"21-40-years old","6.6-9.5-metres",5878.59978,48.24770795,0,0
"14","Bloomfield","C6","VAAN",41.62131231,1638.98076,"21-40-years old","6.6-9.5-metres",913.9579319,21.95889272,1,0
"15","Bloomfield","C8","BEPA",28.40874387,15.97159669,"21-40-years old","6.6-9.5-metres",535.7527483,18.85872711,0,0
"16","Bloomfield","E1","BEPA",38.7736996,398.2356815,"81-100-years old","9.6-12.5-metres",990.3573509,25.54198751,1,1
"17","Bloomfield","E1","VAAN",49.63089641,7.168656322,"81-100-years old","9.6-12.5-metres",1606.118716,32.36126753,0,0
"18","Bloomfield","F1","VAAN",42.09764146,682.5330237,"21-40-years old","3.6-6.5-metres",1001.452392,23.78880045,0,0
"19","Bloomfield","F11","VAAN",46.3942806,3837.257747,"21-40-years old","6.6-9.5-metres",1236.882678,26.66024049,0,0
"20","Bloomfield","F13","BEPA",34.21042549,3.296677126,"21-40-years old","6.6-9.5-metres",513.5680172,15.01203244,0,0
"21","Bloomfield","F13","VAAN",48.95109968,149.168894,"21-40-years old","6.6-9.5-metres",1200.570667,24.52591821,0,0
"22","Bloomfield","F3","VAAN",36.96735385,993.6907396,"21-40-years old","3.6-6.5-metres",925.3405774,25.03129061,0,0
"23","Bloomfield","F5","ABBA",95.36803017,2.643321926,"21-40-years old","6.6-9.5-metres",1062.897728,11.14522054,0,0
"24","Bloomfield","F5","BEPA",43.74529645,126.9335446,"21-40-years old","6.6-9.5-metres",443.0928648,10.12892587,1,1
"25","Bloomfield","F5","VAAN",41.96658014,2276.137421,"21-40-years old","6.6-9.5-metres",1051.283245,25.05048639,0,0
"26","Bloomfield","F9","VAAN",37.70911354,32.89793234,"21-40-years old","6.6-9.5-metres",1088.870344,28.87552218,0,0
"27","Bloomfield","G14","VAAN",46.57451949,3923.640156,"21-40-years old","6.6-9.5-metres",1156.409448,24.82922982,0,0
"28","Bloomfield","I10","VAAN",40.68867919,1260.61552,"21-40-years old","6.6-9.5-metres",1122.790466,27.59466487,1,1
"29","Bloomfield","I12","VAAN",50.69416821,166.8796515,"21-40-years old","6.6-9.5-metres",1273.399775,25.11925572,0,0
"30","Bloomfield","I14","VAAN",55.67731678,227.7919058,"21-40-years old","3.6-6.5-metres",1254.23567,22.52686987,1,0
"31","Bloomfield","I2","VAAN",42.35223117,249.7168384,"21-40-years old","3.6-6.5-metres",1072.509342,25.32356177,1,0
"32","Bloomfield","I4","VAAN",50.58452687,169.9122222,"21-40-years old","3.6-6.5-metres",969.455582,19.16506177,1,0
"33","Bloomfield","I6","VAAN",63.94168374,365.8585944,"21-40-years old","6.6-9.5-metres",1527.744747,23.89278258,1,0
"34","Bloomfield","I8","VAAN",43.23274882,515.9421931,"21-40-years old","6.6-9.5-metres",1413.702176,32.69979852,1,0
"35","Bloomfield","J1","ABBA",60.70052612,43.96045617,"21-40-years old","3.6-6.5-metres",1063.104036,17.51391798,0,0
"36","Bloomfield","J1","VAAN",37.1368402,3301.484313,"21-40-years old","3.6-6.5-metres",853.0161562,22.96954053,0,0
"37","Bloomfield","K1","VAAN",50.87729797,1688.685412,"21-40-years old","3.6-6.5-metres",1702.039258,33.45380604,0,0
"38","Bloomfield","L10","VAAN",45.52539459,7251.544036,"21-40-years old","3.6-6.5-metres",1098.247971,24.12385397,0,0
"39","Bloomfield","L12","VAAN",40.40166277,523.9495019,"21-40-years old","3.6-6.5-metres",944.1141899,23.36820134,0,1
"40","Bloomfield","L14","VAAN",47.56759903,8507.36487,"21-40-years old","3.6-6.5-metres",1112.740667,23.3928281,0,0
"41","Bloomfield","L2","VAAN",55.53161658,130.380252,"21-40-years old","3.6-6.5-metres",1850.411298,33.32176177,1,0
"42","Bloomfield","L4","VAAN",48.71136867,693.0242517,"21-40-years old","3.6-6.5-metres",1560.054444,32.02649579,1,0
"43","Bloomfield","L6","VAAN",46.47826471,161.1552633,"21-40-years old","3.6-6.5-metres",1122.013506,24.14060665,0,0
"44","Bloomfield","N1","ACRU",32.55009605,127.1648916,"21-40-years old","3.6-6.5-metres",736.0642298,22.61327366,1,0
"45","Bloomfield","N1","VAAN",58.17597928,416.7094977,"21-40-years old","3.6-6.5-metres",1570.697962,26.99908076,1,0
"46","Bloomfield","N11","BEPA",25.07298076,4.912847506,"21-40-years old","3.6-6.5-metres",447.4526386,17.84600893,1,1
"47","Bloomfield","N11","VAAN",36.41395885,382.4076385,"21-40-years old","3.6-6.5-metres",814.8848817,22.37836554,0,0
"48","Bloomfield","N13","VAAN",39.27410639,208.7391524,"21-40-years old","3.6-6.5-metres",1004.595763,25.57908646,0,0
"49","Bloomfield","N3","BEPA",30.11954341,17.08152223,"21-40-years old","3.6-6.5-metres",771.8338455,25.62568214,1,0
"50","Bloomfield","N3","VAAN",38.42580074,224.4982958,"21-40-years old","3.6-6.5-metres",1235.971208,32.16513863,1,0
"51","Bloomfield","N5","VAAN",47.34350108,906.0553287,"21-40-years old","3.6-6.5-metres",1452.196089,30.67361003,0,0
"52","Bloomfield","N7","ACRU",28.46060641,201.201519,"21-40-years old","3.6-6.5-metres",1172.906668,41.21158387,1,1
"53","Bloomfield","N7","VAAN",32.97818666,178.9066579,"21-40-years old","3.6-6.5-metres",1150.477163,34.88600435,1,1
"54","Bloomfield","N9","VAAN",39.25651835,815.7026571,"21-40-years old","3.6-6.5-metres",961.7801957,24.49988527,0,0
"55","Dumphys Pond","A1","ABBA",46.13607873,12.58625613,"61-80-years old","12.6-15.5-metres",1020.231691,22.11353281,0,1
"56","Dumphys Pond","A1","ACRU",32.06042715,404.2594443,"61-80-years old","12.6-15.5-metres",1309.422905,40.84234121,1,1
"57","Dumphys Pond","A1","BEPA",33.9966841,16.07924027,"61-80-years old","12.6-15.5-metres",840.2322938,24.7151249,1,1
"58","Dumphys Pond","A11","ABBA",69.13622654,48.82617295,"81-100-years old","9.6-12.5-metres",2491.453089,36.03686828,0,1
"59","Dumphys Pond","A11","ACRU",35.3696275,183.8369382,"81-100-years old","9.6-12.5-metres",1389.559775,39.28680829,0,0
"60","Dumphys Pond","A11","BEPA",38.23741699,4.126797564,"81-100-years old","9.6-12.5-metres",1332.40447,34.84556685,1,1
"61","Dumphys Pond","A11","VAAN",43.70257881,812.6724637,"81-100-years old","9.6-12.5-metres",1840.166562,42.10658987,0,0
"62","Dumphys Pond","A13","ABBA",49.34601633,197.3746483,"81-100-years old","12.6-15.5-metres",1211.348485,24.54805018,0,0
"63","Dumphys Pond","A13","ACRU",30.61236023,72.45113367,"81-100-years old","12.6-15.5-metres",1015.421148,33.17029921,0,0
"64","Dumphys Pond","A13","BEPA",28.99993076,7.282096962,"81-100-years old","12.6-15.5-metres",924.2133851,31.86950317,0,1
"65","Dumphys Pond","A13","VAAN",32.50189536,1315.12109,"81-100-years old","12.6-15.5-metres",1176.68469,36.20357141,0,0
"66","Dumphys Pond","A3","ABBA",82.45244207,567.5666883,"81-100-years old","12.6-15.5-metres",3066.483953,37.19094154,0,0
"67","Dumphys Pond","A3","ACRU",30.50022704,51.2355859,"81-100-years old","12.6-15.5-metres",1328.497125,43.55695856,0,1
"68","Dumphys Pond","A3","VAAN",52.22699881,95.93697257,"81-100-years old","12.6-15.5-metres",1860.710006,35.62735841,1,1
"69","Dumphys Pond","A5","ABBA",81.95949245,21.21351537,"81-100-years old","12.6-15.5-metres",2427.340079,29.61633858,0,0
"70","Dumphys Pond","A5","ACRU",36.54523776,701.2292955,"81-100-years old","12.6-15.5-metres",1804.486619,49.37679244,0,1
"71","Dumphys Pond","A5","VAAN",52.75982479,3900.769457,"81-100-years old","12.6-15.5-metres",2082.121685,39.46415086,0,0
"72","Dumphys Pond","A7","ABBA",51.62840027,1.126455092,"81-100-years old","12.6-15.5-metres",2363.490985,45.77889248,0,0
"73","Dumphys Pond","A7","ACRU",37.12722791,793.6322083,"81-100-years old","12.6-15.5-metres",1673.605813,45.07758611,1,1
"74","Dumphys Pond","A7","VAAN",51.21496457,42.70773962,"81-100-years old","12.6-15.5-metres",2891.60119,56.46008377,1,0
"75","Dumphys Pond","A9","VAAN",42.22731968,59.90605615,"81-100-years old","6.6-9.5-metres",1608.827908,38.09921918,0,0
"76","Dumphys Pond","C10","ABBA",55.56272806,22.08871032,"81-100-years old","9.6-12.5-metres",1776.616736,31.97497312,0,0
"77","Dumphys Pond","C10","VAAN",40.54069328,188.9444626,"81-100-years old","9.6-12.5-metres",1507.746554,37.19094154,0,0
"78","Dumphys Pond","C12","ACRU",31.9675699,508.1390686,"81-100-years old","12.6-15.5-metres",1237.102835,38.69868242,0,1
"79","Dumphys Pond","C12","VAAN",44.72663052,298.449046,"81-100-years old","12.6-15.5-metres",1546.12274,34.56828117,0,0
"80","Dumphys Pond","C14","ABBA",64.11537089,29.63327534,"81-100-years old","9.6-12.5-metres",1567.939196,24.45496569,0,1
"81","Dumphys Pond","C14","ACRU",33.85346838,462.8263343,"81-100-years old","9.6-12.5-metres",1024.111864,30.25131288,0,1
"82","Dumphys Pond","C14","VAAN",38.83020366,510.9754655,"81-100-years old","9.6-12.5-metres",1372.106312,35.33605758,0,0
"83","Dumphys Pond","C2","ABBA",83.39022591,1093.942874,"61-80-years old","12.6-15.5-metres",1794.877763,21.5238386,0,1
"84","Dumphys Pond","C2","ACRU",42.57420865,435.0836496,"61-80-years old","12.6-15.5-metres",1299.223301,30.51667528,0,1
"85","Dumphys Pond","C2","VAAN",54.29589967,933.5815226,"61-80-years old","12.6-15.5-metres",1567.939196,28.87767226,1,1
"86","Dumphys Pond","C4","ABBA",57.59160518,661.9357186,"81-100-years old","12.6-15.5-metres",1558.230594,27.05655779,0,0
"87","Dumphys Pond","C4","ACRU",30.4978787,27.68300237,"81-100-years old","12.6-15.5-metres",766.7465815,25.14098075,0,0
"88","Dumphys Pond","C4","BEPA",25.68187389,3.59764446,"81-100-years old","12.6-15.5-metres",759.4629181,29.57194328,1,1
"89","Dumphys Pond","C4","VAAN",32.56540687,698.3102122,"81-100-years old","12.6-15.5-metres",1038.335906,31.8846287,0,0
"90","Dumphys Pond","C6","ABBA",67.40806481,33.21497236,"81-100-years old","12.6-15.5-metres",2608.603292,38.69868242,0,0
"91","Dumphys Pond","C6","ACRU",32.54180701,761.2663193,"81-100-years old","12.6-15.5-metres",1334.284879,41.00217542,1,1
"92","Dumphys Pond","C6","VAAN",47.01805406,200.9855795,"81-100-years old","12.6-15.5-metres",1972.438989,41.95067254,0,0
"93","Dumphys Pond","C8","BEPA",30.70337203,913.6645468,"81-100-years old","9.6-12.5-metres",1078.348275,35.12149329,0,1
"94","Dumphys Pond","C8","VAAN",32.34430277,67.44064593,"81-100-years old","9.6-12.5-metres",1093.559158,33.80994686,0,0
"95","Dumphys Pond","E1","ABBA",84.1250823,2.780679035,"81-100-years old","12.6-15.5-metres",1597.671789,18.9916223,0,0
"96","Dumphys Pond","E1","ACRU",42.23618397,337.8857086,"81-100-years old","12.6-15.5-metres",616.7023498,14.60128004,0,1
"97","Dumphys Pond","E1","VAAN",53.23888735,7230.233381,"81-100-years old","12.6-15.5-metres",1671.475141,31.39575646,1,0
"98","Dumphys Pond","F1","ABBA",84.11110406,298.7418073,"81-100-years old","0-3.5-metres",1859.993659,22.11353281,0,0
"99","Dumphys Pond","F1","ACRU",43.04595192,70.56772574,"81-100-years old","0-3.5-metres",1294.581375,30.07440462,0,0
"100","Dumphys Pond","F1","VAAN",54.02273918,67.92122058,"81-100-years old","0-3.5-metres",1617.125992,29.93417246,0,0
"101","Dumphys Pond","F11","ABBA",72.16628114,31.27397106,"81-100-years old","12.6-15.5-metres",2260.78952,31.32750481,1,1
"102","Dumphys Pond","F11","ACRU",41.98266546,242.7777305,"81-100-years old","12.6-15.5-metres",1237.846733,29.48471041,1,1
"103","Dumphys Pond","F11","VAAN",61.41908465,223.7962211,"81-100-years old","12.6-15.5-metres",2241.018357,36.48732914,1,0
"104","Dumphys Pond","F13","ABBA",81.77290283,87.60692795,"81-100-years old","9.6-12.5-metres",1965.530184,24.03644871,0,0
"105","Dumphys Pond","F13","ACRU",41.38716666,182.9757377,"81-100-years old","9.6-12.5-metres",1217.410584,29.415171,0,0
"106","Dumphys Pond","F13","BEPA",50.41280049,5.456307182,"81-100-years old","9.6-12.5-metres",1195.881854,23.72178974,0,0
"107","Dumphys Pond","F13","VAAN",62.05770985,1220.821369,"81-100-years old","9.6-12.5-metres",1977.748381,31.86950317,0,0
"108","Dumphys Pond","F3","ABBA",80.7429772,653.5057158,"81-100-years old","12.6-15.5-metres",3230.927337,40.01496413,0,0
"109","Dumphys Pond","F3","ACRU",42.00765514,52.57255777,"81-100-years old","12.6-15.5-metres",1494.842212,35.58499533,0,1
"110","Dumphys Pond","F3","BEPA",43.14033831,222.4956912,"81-100-years old","12.6-15.5-metres",1210.148002,28.05142588,1,1
"111","Dumphys Pond","F3","VAAN",49.09263299,802.4259022,"81-100-years old","12.6-15.5-metres",2136.759242,43.5250487,0,1
"112","Dumphys Pond","F5","ABBA",79.25515452,62.20501584,"81-100-years old","12.6-15.5-metres",3067.070055,38.69868242,0,0
"113","Dumphys Pond","F5","ACRU",40.98654897,203.80078,"81-100-years old","12.6-15.5-metres",1517.621685,37.02731075,0,1
"114","Dumphys Pond","F5","BEPA",29.13747901,209.6879744,"81-100-years old","12.6-15.5-metres",1034.990945,35.52095034,1,1
"115","Dumphys Pond","F5","VAAN",56.07406937,823.1354146,"81-100-years old","12.6-15.5-metres",2526.783839,45.06153855,1,0
"116","Dumphys Pond","F7","ABBA",79.24000926,25.63866989,"81-100-years old","12.6-15.5-metres",3373.132348,42.56855066,0,0
"117","Dumphys Pond","F7","ACRU",39.14392529,594.4075716,"81-100-years old","12.6-15.5-metres",1624.355461,41.49699984,0,0
"118","Dumphys Pond","F7","BEPA",34.31432007,13.22764811,"81-100-years old","12.6-15.5-metres",1027.680826,29.94903656,0,1
"119","Dumphys Pond","F7","VAAN",46.45304187,235.9754409,"81-100-years old","12.6-15.5-metres",2421.353469,52.12475591,0,0
"120","Dumphys Pond","F9","ACRU",33.23957113,100.6292434,"81-100-years old","9.6-12.5-metres",1250.988936,37.6355318,1,1
"121","Dumphys Pond","F9","BEPA",27.78297292,7.701247149,"81-100-years old","9.6-12.5-metres",902.2358984,32.47441881,1,1
"122","Dumphys Pond","F9","VAAN",44.75559459,1482.170241,"81-100-years old","9.6-12.5-metres",2429.274214,54.27867144,1,0
"123","Dumphys Pond","G14","VAAN",54.85272681,82.34638465,"81-100-years old","9.6-12.5-metres",2207.239684,40.23937937,0,1
"124","Dumphys Pond","I10","ABBA",61.23638231,61.29821046,"81-100-years old","12.6-15.5-metres",2295.174151,37.48056408,0,1
"125","Dumphys Pond","I10","ACRU",28.68586809,460.768512,"81-100-years old","12.6-15.5-metres",1069.475707,37.28231978,1,1
"126","Dumphys Pond","I10","BEPA",29.76717049,7.073291614,"81-100-years old","12.6-15.5-metres",1051.088271,35.31031852,0,0
"127","Dumphys Pond","I10","VAAN",48.40134853,6.654508481,"81-100-years old","12.6-15.5-metres",1938.994219,40.06074784,1,1
"128","Dumphys Pond","I12","ABBA",76.00611725,1.43812793,"81-100-years old","12.6-15.5-metres",2204.280351,29.0013545,0,0
"129","Dumphys Pond","I12","ACRU",35.61458775,15.95021677,"81-100-years old","12.6-15.5-metres",1073.951393,30.15481747,0,1
"130","Dumphys Pond","I12","VAAN",47.54026657,1520.06639,"81-100-years old","12.6-15.5-metres",1478.72808,31.10474945,1,1
"131","Dumphys Pond","I14","ABBA",82.92521983,387.9510531,"81-100-years old","9.6-12.5-metres",2153.951558,25.97462584,0,0
"132","Dumphys Pond","I14","ACRU",35.84075699,228.8120283,"81-100-years old","9.6-12.5-metres",1188.848633,33.17029921,0,1
"133","Dumphys Pond","I14","VAAN",49.03620468,1104.058858,"81-100-years old","9.6-12.5-metres",2279.001719,46.47589946,0,0
"134","Dumphys Pond","I2","ABBA",62.38501579,7210.066352,"21-40-years old","3.6-6.5-metres",2008.467004,32.19470218,0,1
"135","Dumphys Pond","I2","ACRU",35.47437467,14.93599462,"21-40-years old","3.6-6.5-metres",1180.229243,33.26990972,1,1
"136","Dumphys Pond","I2","BEPA",71.37330791,119.3147382,"21-40-years old","3.6-6.5-metres",2705.684548,37.90891339,1,1
"137","Dumphys Pond","I2","VAAN",51.28249789,123.506341,"21-40-years old","3.6-6.5-metres",1652.054192,32.21477619,1,1
"138","Dumphys Pond","I4","ABBA",75.45649851,184.0690935,"81-100-years old","12.6-15.5-metres",1571.59756,20.8278623,0,0
"139","Dumphys Pond","I4","ACRU",28.05604857,13.43497138,"81-100-years old","12.6-15.5-metres",1003.332801,35.76172884,1,1
"140","Dumphys Pond","I4","BEPA",33.98789326,82.28867597,"81-100-years old","12.6-15.5-metres",866.8365596,25.50427451,0,1
"141","Dumphys Pond","I4","VAAN",44.85525388,2730.855326,"81-100-years old","12.6-15.5-metres",1774.993493,39.57158503,1,0
"142","Dumphys Pond","I6","ABBA",58.75779033,281.0045339,"81-100-years old","12.6-15.5-metres",1689.145022,28.74759265,0,0
"143","Dumphys Pond","I6","ACRU",35.13918373,80.21430974,"81-100-years old","12.6-15.5-metres",1297.675992,36.92959979,0,1
"144","Dumphys Pond","I6","BEPA",49.8170375,2.884652855,"81-100-years old","12.6-15.5-metres",1263.635207,25.36552293,1,1
"145","Dumphys Pond","I6","VAAN",48.60030342,2157.386988,"81-100-years old","12.6-15.5-metres",1855.003766,38.16856348,1,1
"146","Dumphys Pond","I8","ABBA",50.1841971,3.943366073,"81-100-years old","12.6-15.5-metres",967.0677604,19.27036431,0,0
"147","Dumphys Pond","I8","ACRU",30.70135857,113.515314,"81-100-years old","12.6-15.5-metres",877.5098299,28.58211724,1,1
"148","Dumphys Pond","I8","BEPA",49.64616788,1.110282405,"81-100-years old","12.6-15.5-metres",882.7324818,17.7804757,0,1
"149","Dumphys Pond","I8","VAAN",42.91726774,178.9999047,"81-100-years old","12.6-15.5-metres",1153.589565,26.8793804,1,0
"150","Dumphys Pond","K1","ABBA",74.24243784,822.0127915,"21-40-years old","3.6-6.5-metres",2349.418872,31.64522799,0,0
"151","Dumphys Pond","K1","ACRU",32.96284923,1569.266846,"21-40-years old","3.6-6.5-metres",948.6745109,28.78011255,1,1
"152","Dumphys Pond","K1","VAAN",37.4388099,2573.771061,"21-40-years old","3.6-6.5-metres",1459.960361,38.99590732,1,0
"153","Dumphys Pond","L10","ABBA",73.95320473,12.13983351,"81-100-years old","9.6-12.5-metres",865.1616953,11.6987722,0,1
"154","Dumphys Pond","L10","ACRU",39.42664321,243.5675508,"81-100-years old","9.6-12.5-metres",424.3063525,10.7619193,0,1
"155","Dumphys Pond","L10","VAAN",56.34401964,1912.145758,"81-100-years old","9.6-12.5-metres",1661.287102,29.48471041,1,1
"156","Dumphys Pond","L12","ABBA",71.76840621,68.85488012,"81-100-years old","9.6-12.5-metres",963.5678961,13.42607349,0,1
"157","Dumphys Pond","L12","ACRU",43.97931579,536.5069919,"81-100-years old","9.6-12.5-metres",374.2712001,8.51016423,1,1
"158","Dumphys Pond","L12","VAAN",59.6012078,28510.36271,"81-100-years old","9.6-12.5-metres",1545.233482,25.92621088,0,1
"159","Dumphys Pond","L14","ABBA",72.49784359,24.18892744,"81-100-years old","9.6-12.5-metres",1052.089134,14.51200591,0,0
"160","Dumphys Pond","L14","ACRU",41.29961415,87.26940405,"81-100-years old","9.6-12.5-metres",570.8002329,13.82095801,0,0
"161","Dumphys Pond","L14","VAAN",55.02936184,6731.166092,"81-100-years old","9.6-12.5-metres",1584.791663,28.79901947,0,0
"162","Dumphys Pond","L2","ABBA",65.7076365,3874.184359,"21-40-years old","3.6-6.5-metres",1930.451453,29.37940788,0,0
"163","Dumphys Pond","L2","ACRU",30.45443932,3821.620177,"21-40-years old","3.6-6.5-metres",936.9812079,30.76665434,1,1
"164","Dumphys Pond","L2","VAAN",58.27561762,2060.834189,"21-40-years old","3.6-6.5-metres",1970.92202,33.82069724,1,1
"165","Dumphys Pond","L4","ABBA",72.37289518,1880.020095,"81-100-years old","9.6-12.5-metres",1976.989896,27.316717,0,1
"166","Dumphys Pond","L4","ACRU",41.31272931,3.944399553,"81-100-years old","9.6-12.5-metres",1203.863791,29.14026286,0,1
"167","Dumphys Pond","L4","BEPA",27.45188897,6.025294157,"81-100-years old","9.6-12.5-metres",365.2638607,13.30560025,0,1
"168","Dumphys Pond","L4","VAAN",42.76555898,9309.826366,"81-100-years old","9.6-12.5-metres",1988.746406,46.5034587,1,1
"169","Dumphys Pond","L6","ABBA",68.85733676,268.1465436,"81-100-years old","12.6-15.5-metres",1426.509777,20.71688863,0,1
"170","Dumphys Pond","L6","ACRU",34.48181777,1245.438124,"81-100-years old","12.6-15.5-metres",732.187515,21.2340173,0,1
"171","Dumphys Pond","L6","BEPA",47.75670413,86.99957949,"81-100-years old","12.6-15.5-metres",792.0520828,16.58514961,0,1
"172","Dumphys Pond","L6","VAAN",35.4330442,3508.615797,"81-100-years old","12.6-15.5-metres",1773.296883,50.04641636,1,1
"173","Dumphys Pond","L8","ABBA",67.74239969,1892.090927,"81-100-years old","12.6-15.5-metres",1644.172439,24.27095064,1,1
"174","Dumphys Pond","L8","ACRU",32.146983,399.08563,"81-100-years old","12.6-15.5-metres",987.6394817,30.7226181,1,1
"175","Dumphys Pond","L8","VAAN",44.52083314,4388.570011,"81-100-years old","12.6-15.5-metres",1785.250067,40.09920616,1,1
"176","Dumphys Pond","N1","ABBA",61.407305,447.5483445,"21-40-years old","3.6-6.5-metres",967.1605247,15.74992625,1,1
"177","Dumphys Pond","N1","ACRU",29.29815927,7.164537991,"21-40-years old","3.6-6.5-metres",571.6639467,19.51194071,1,0
"178","Dumphys Pond","N1","VAAN",42.81565485,20.11614648,"21-40-years old","3.6-6.5-metres",1194.168958,27.89094228,1,0
"179","Dumphys Pond","N11","ABBA",70.40503845,331.5013636,"81-100-years old","3.6-6.5-metres",1054.281535,14.97451828,0,0
"180","Dumphys Pond","N11","ACRU",48.29950169,8.121896515,"81-100-years old","3.6-6.5-metres",462.7029381,9.579869809,0,0
"181","Dumphys Pond","N11","VAAN",61.22472046,1280.764955,"81-100-years old","3.6-6.5-metres",1880.409534,30.71324001,0,0
"182","Dumphys Pond","N13","ABBA",80.19057371,57.63167412,"81-100-years old","3.6-6.5-metres",898.4704206,11.20418996,0,0
"183","Dumphys Pond","N13","ACRU",55.31530147,8.928987972,"81-100-years old","3.6-6.5-metres",562.8961961,10.17613899,0,0
"184","Dumphys Pond","N13","VAAN",55.24537113,1102.187222,"81-100-years old","3.6-6.5-metres",1976.231412,35.77189131,0,0
"185","Dumphys Pond","N3","ABBA",78.00154862,3524.363782,"21-40-years old","3.6-6.5-metres",1297.774234,16.63780088,0,0
"186","Dumphys Pond","N3","BEPA",43.10659752,185.9307019,"21-40-years old","3.6-6.5-metres",1134.025896,26.30747869,0,0
"187","Dumphys Pond","N3","VAAN",38.24358431,7499.090279,"21-40-years old","3.6-6.5-metres",1241.395606,32.46023165,1,0
"188","Dumphys Pond","N5","ABBA",79.60748114,103.5950875,"81-100-years old","9.6-12.5-metres",2623.345119,32.95349987,0,0
"189","Dumphys Pond","N5","ACRU",32.3469792,570.9328203,"81-100-years old","9.6-12.5-metres",795.2780837,24.58585325,1,1
"190","Dumphys Pond","N5","BEPA",29.13730921,2.526956123,"81-100-years old","9.6-12.5-metres",856.2791205,29.38772123,0,0
"191","Dumphys Pond","N5","VAAN",51.66200221,4868.032452,"81-100-years old","9.6-12.5-metres",2405.114486,46.55480591,0,0
"192","Dumphys Pond","N7","ABBA",102.7824201,415.1402137,"81-100-years old","9.6-12.5-metres",2793.751308,27.18121741,0,0
"193","Dumphys Pond","N7","ACRU",44.85806854,544.3498528,"81-100-years old","9.6-12.5-metres",962.5786557,21.45831702,0,0
"194","Dumphys Pond","N7","VAAN",57.24116277,1671.254993,"81-100-years old","9.6-12.5-metres",2149.858149,37.55790493,0,0
"195","Dumphys Pond","N9","ABBA",64.76049459,953.920157,"81-100-years old","3.6-6.5-metres",1373.630941,21.21093963,0,0
"196","Dumphys Pond","N9","ACRU",36.56980607,805.1150912,"81-100-years old","3.6-6.5-metres",788.8425118,21.57086943,0,0
"197","Dumphys Pond","N9","BEPA",33.64046599,65.8190537,"81-100-years old","3.6-6.5-metres",798.3419544,23.73159619,0,0
"198","Dumphys Pond","N9","VAAN",34.97885233,1615.997567,"81-100-years old","3.6-6.5-metres",1345.900438,38.47754709,0,1
"199","TNNP North","A1","ACRU",34.38212153,4093.944379,"81-100-years old","9.6-12.5-metres",954.5499977,27.7629755,1,1
"200","TNNP North","A1","BEPA",24.25091582,6.846991995,"81-100-years old","9.6-12.5-metres",722.9321276,29.81050832,0,1
"201","TNNP North","A1","VAAN",39.98787507,56.22892401,"81-100-years old","9.6-12.5-metres",1893.091894,47.3416477,1,0
"202","TNNP North","A11","ABBA",69.11322576,49.59456832,"61-80-years old","9.6-12.5-metres",1726.822986,24.98542019,0,1
"203","TNNP North","A11","ACRU",39.82602168,55.69109314,"61-80-years old","9.6-12.5-metres",1428.681438,35.87306434,0,1
"204","TNNP North","A11","VAAN",49.92610694,65.77310609,"61-80-years old","9.6-12.5-metres",2693.863953,53.95702005,1,0
"205","TNNP North","A13","ABBA",71.35425893,3.742515658,"61-80-years old","9.6-12.5-metres",2560.357512,35.88233626,1,0
"206","TNNP North","A13","BEPA",33.25638346,33.48746975,"61-80-years old","9.6-12.5-metres",847.4331527,25.48181926,0,0
"207","TNNP North","A13","VAAN",41.99070811,82.79632666,"61-80-years old","9.6-12.5-metres",2009.576429,47.85764563,1,1
"208","TNNP North","A3","ACRU",36.05815694,33.27355581,"81-100-years old","6.6-9.5-metres",1388.972735,38.52034747,0,1
"209","TNNP North","A3","VAAN",46.36253641,203.1253927,"81-100-years old","6.6-9.5-metres",2441.93401,52.67041451,0,0
"210","TNNP North","A5","VAAN",49.18051315,44.15786406,"61-80-years old","6.6-9.5-metres",1980.323832,40.26643288,0,0
"211","TNNP North","A7","ABBA",65.99086847,161.8316755,"61-80-years old","6.6-9.5-metres",2131.02847,32.29277807,0,0
"212","TNNP North","A7","ACRU",33.38621491,1656.68378,"61-80-years old","6.6-9.5-metres",1094.917397,32.79549357,0,1
"213","TNNP North","A7","VAAN",38.5210146,132.2155462,"61-80-years old","6.6-9.5-metres",1682.375547,43.6742273,1,1
"214","TNNP North","A9","ACRU",36.54766676,1715.253963,"81-100-years old","9.6-12.5-metres",1769.298385,48.41070696,0,1
"215","TNNP North","A9","VAAN",61.53688113,2.835262877,"81-100-years old","9.6-12.5-metres",4989.592079,81.08295363,0,0
"216","TNNP North","C10","ABBA",62.36710591,5385.128403,"61-80-years old","9.6-12.5-metres",993.8043397,15.93475158,0,1
"217","TNNP North","C10","ACRU",37.98867187,3.86461244,"61-80-years old","9.6-12.5-metres",502.0693456,13.21629109,0,0
"218","TNNP North","C10","BEPA",31.17977827,375.8657732,"61-80-years old","9.6-12.5-metres",716.4585434,22.97830784,0,0
"219","TNNP North","C10","VAAN",53.46038247,44.6256825,"61-80-years old","9.6-12.5-metres",1403.860032,26.25982021,0,1
"220","TNNP North","C12","VAAN",53.80964053,144.9733439,"61-80-years old","9.6-12.5-metres",1769.225019,32.87933168,1,0
"221","TNNP North","C14","BEPA",62.51238323,3.043632975,"61-80-years old","9.6-12.5-metres",1411.781757,22.58403351,0,1
"222","TNNP North","C14","VAAN",50.72905409,135.5374332,"61-80-years old","9.6-12.5-metres",2039.633822,40.20642329,0,0
"223","TNNP North","C2","ACRU",41.9416026,7.492171148,"61-80-years old","9.6-12.5-metres",1688.483779,40.25796999,0,0
"224","TNNP North","C2","VAAN",48.1282761,40.22932414,"61-80-years old","9.6-12.5-metres",1862.500872,38.69868242,1,0
"225","TNNP North","C4","ABBA",59.08297657,478.3611767,"61-80-years old","6.6-9.5-metres",1998.227463,33.82069724,0,0
"226","TNNP North","C4","ACRU",38.98168233,752.9669215,"61-80-years old","6.6-9.5-metres",1002.35199,25.71341024,0,1
"227","TNNP North","C4","VAAN",54.32132085,228.7104602,"61-80-years old","6.6-9.5-metres",2538.461638,46.73048443,1,0
"228","TNNP North","C6","ABBA",74.86339802,4.339857202,"61-80-years old","6.6-9.5-metres",1542.619603,20.60579194,0,0
"229","TNNP North","C6","VAAN",64.95144257,203.1887199,"61-80-years old","6.6-9.5-metres",1420.861707,21.87575289,1,0
"230","TNNP North","C8","ACRU",35.71086482,11.2039507,"61-80-years old","6.6-9.5-metres",863.3980965,24.17746254,1,1
"231","TNNP North","C8","VAAN",47.81359121,91.6566129,"61-80-years old","6.6-9.5-metres",1492.006468,31.20465185,1,0
"232","TNNP North","E1","BEPA",30.115372,3.600462735,"61-80-years old","9.6-12.5-metres",606.2724173,20.13165959,0,0
"233","TNNP North","E1","VAAN",58.87536688,2.111472225,"61-80-years old","9.6-12.5-metres",1836.987161,31.20128602,1,0
"234","TNNP North","F1","ABBA",45.82577562,71.39375318,"61-80-years old","9.6-12.5-metres",791.507767,17.27210847,0,1
"235","TNNP North","F1","ACRU",49.76052744,2.503455132,"61-80-years old","9.6-12.5-metres",1285.593709,25.83561259,0,0
"236","TNNP North","F1","VAAN",50.40405167,923.6027125,"61-80-years old","9.6-12.5-metres",1478.071971,29.32446742,0,0
"237","TNNP North","F11","ABBA",53.24555889,3.149605829,"61-80-years old","9.6-12.5-metres",1187.867302,22.30922779,0,0
"238","TNNP North","F11","ACRU",44.13834104,1368.806187,"61-80-years old","9.6-12.5-metres",647.433237,14.66827302,0,1
"239","TNNP North","F11","BEPA",37.42934381,24.085095,"61-80-years old","9.6-12.5-metres",624.7505698,16.69146467,0,0
"240","TNNP North","F11","VAAN",53.12733921,397.838128,"61-80-years old","9.6-12.5-metres",1667.973003,31.39575646,0,0
"241","TNNP North","F13","ABBA",82.22404076,13.87066949,"61-80-years old","9.6-12.5-metres",2212.221228,26.90479825,0,0
"242","TNNP North","F13","BEPA",33.67942718,3.590789621,"61-80-years old","9.6-12.5-metres",1153.406598,34.24662161,1,1
"243","TNNP North","F13","VAAN",55.51041321,229.2923962,"61-80-years old","9.6-12.5-metres",1985.712468,35.77189131,0,0
"244","TNNP North","F3","BEPA",42.84064453,12.06428773,"61-80-years old","6.6-9.5-metres",740.9503898,17.29550052,0,0
"245","TNNP North","F3","VAAN",51.25334742,14.19017988,"61-80-years old","6.6-9.5-metres",1515.435022,29.56753263,1,0
"246","TNNP North","F5","VAAN",47.88591277,111.1597582,"61-80-years old","6.6-9.5-metres",1588.390055,33.17029921,0,0
"247","TNNP North","F7","ACRU",37.88973176,867.6769714,"61-80-years old","6.6-9.5-metres",1475.804013,38.94997256,0,1
"248","TNNP North","F7","VAAN",50.87482724,39.2659688,"61-80-years old","6.6-9.5-metres",1901.445906,37.37498503,0,0
"249","TNNP North","F9","BEPA",23.13010708,9.723770448,"61-80-years old","6.6-9.5-metres",580.2984779,25.08844754,0,1
"250","TNNP North","F9","VAAN",57.83167699,4.239094005,"61-80-years old","6.6-9.5-metres",1814.602461,31.37731007,0,0
"251","TNNP North","G14","BEPA",31.79588057,241.8056883,"61-80-years old","6.6-9.5-metres",583.3052058,18.34530749,1,0
"252","TNNP North","I10","ACRU",38.45342092,1238.506544,"61-80-years old","6.6-9.5-metres",1123.928954,29.22832163,0,0
"253","TNNP North","I10","BEPA",43.68906873,20.63736123,"61-80-years old","6.6-9.5-metres",893.8249867,20.45877865,0,0
"254","TNNP North","I10","VAAN",53.00110447,553.8081006,"61-80-years old","6.6-9.5-metres",2124.325514,40.08077822,0,0
"255","TNNP North","I12","VAAN",56.59812609,174.5711666,"61-80-years old","6.6-9.5-metres",1557.203994,27.51334896,1,0
"256","TNNP North","I14","VAAN",64.27665181,62.15765792,"61-80-years old","6.6-9.5-metres",1936.377997,30.12568238,0,0
"257","TNNP North","I2","VAAN",61.4308643,10.89624601,"61-80-years old","6.6-9.5-metres",1842.286163,29.98958559,0,0
"258","TNNP North","I4","VAAN",58.75779033,175.3202495,"61-80-years old","6.6-9.5-metres",1535.586383,26.13417514,0,0
"259","TNNP North","I6","ABBA",58.0849912,116.776216,"61-80-years old","9.6-12.5-metres",1535.451647,26.43456796,0,1
"260","TNNP North","I6","ACRU",32.5106505,174.7971932,"61-80-years old","9.6-12.5-metres",1003.151632,30.85609229,0,0
"261","TNNP North","I6","VAAN",35.83431652,161.2126596,"61-80-years old","9.6-12.5-metres",1424.675994,39.75730899,0,0
"262","TNNP North","I8","VAAN",53.38651141,41.38422659,"61-80-years old","9.6-12.5-metres",1347.512869,25.24069907,1,0
"263","TNNP North","K1","VAAN",61.78401334,2.819092727,"61-80-years old","6.6-9.5-metres",1834.161027,29.68666048,0,0
"264","TNNP North","L10","VAAN",47.19405535,52.76828426,"61-80-years old","6.6-9.5-metres",1161.60255,24.61332347,1,0
"265","TNNP North","L12","ACRU",33.36622317,7.079644512,"61-80-years old","6.6-9.5-metres",411.2193865,12.32442115,0,0
"266","TNNP North","L12","VAAN",43.57893308,114.8414193,"61-80-years old","6.6-9.5-metres",1235.267886,28.34552842,0,0
"267","TNNP North","L14","BEPA",21.97776754,9.624294893,"61-80-years old","6.6-9.5-metres",559.6433689,25.46406808,0,0
"268","TNNP North","L2","VAAN",41.78159905,154.5137443,"61-80-years old","6.6-9.5-metres",1440.549682,34.47808879,0,0
"269","TNNP North","L8","ACRU",44.82925913,146.7940378,"61-80-years old","6.6-9.5-metres",772.3885164,17.22956237,1,1
"270","TNNP North","L8","VAAN",57.68131173,94.56204084,"61-80-years old","6.6-9.5-metres",1700.716773,29.48471041,0,0
"271","TNNP North","N1","VAAN",60.64162788,72.32303648,"61-80-years old","9.6-12.5-metres",2394.643978,39.48845145,0,0
"272","TNNP North","N11","BEPA",37.42934381,200.5059589,"61-80-years old","6.6-9.5-metres",759.9305177,20.30306813,0,0
"273","TNNP North","N11","VAAN",41.41554802,24.61850352,"61-80-years old","6.6-9.5-metres",1630.649216,39.37287549,0,0
"274","TNNP North","N13","VAAN",60.2490507,81.69177736,"61-80-years old","6.6-9.5-metres",1621.256088,26.90923872,1,0
"275","TNNP North","N3","ACRU",33.21961703,588.5435886,"61-80-years old","6.6-9.5-metres",1004.340164,30.23334564,0,1
"276","TNNP North","N3","VAAN",42.54508099,93.23055877,"61-80-years old","6.6-9.5-metres",1745.472477,41.02642271,1,0
"277","TNNP North","N5","ACRU",32.08290689,12.50940466,"61-80-years old","6.6-9.5-metres",1094.261757,34.10731332,0,0
"278","TNNP North","N5","VAAN",45.91742757,55.80553333,"61-80-years old","6.6-9.5-metres",1385.593197,30.17575831,0,0
"279","TNNP North","N7","ABBA",47.63912257,409.4491084,"61-80-years old","6.6-9.5-metres",1454.245664,30.52628986,0,0
"280","TNNP North","N7","ACRU",33.66521848,142.4152301,"61-80-years old","6.6-9.5-metres",1308.439424,38.86620918,0,0
"281","TNNP North","N7","BEPA",23.84777814,10.91336198,"61-80-years old","6.6-9.5-metres",766.2210601,32.12966238,0,0
"282","TNNP North","N7","VAAN",43.82357202,117.7487232,"61-80-years old","6.6-9.5-metres",2087.27938,47.62914759,0,0
"283","TNNP North","N9","ABBA",65.02102531,1629.962066,"61-80-years old","6.6-9.5-metres",1590.086943,24.45496569,0,0
"284","TNNP North","N9","BEPA",34.09057524,206.2594335,"61-80-years old","6.6-9.5-metres",906.7443728,26.59809541,0,1
"285","TNNP North","N9","VAAN",52.48829922,3415.89679,"61-80-years old","6.6-9.5-metres",2089.263108,39.80435906,0,0
"286","Unicorn","A1","ABBA",77.57345534,1785.099936,"81-100-years old","9.6-12.5-metres",2419.971943,31.19587664,0,0
"287","Unicorn","A1","ACRU",38.57678697,837.4609834,"81-100-years old","9.6-12.5-metres",940.2439831,24.37330988,1,0
"288","Unicorn","A1","BEPA",48.85652102,2.57042882,"81-100-years old","9.6-12.5-metres",1545.209355,31.6274946,0,0
"289","Unicorn","A1","VAAN",36.80424806,159.798983,"81-100-years old","9.6-12.5-metres",2205.330437,59.92054052,1,0
"290","Unicorn","A11","ABBA",71.30001776,1973.740037,"41-60-years old","9.6-12.5-metres",1857.476634,26.0515592,0,0
"291","Unicorn","A11","ACRU",35.17523526,12.46986904,"41-60-years old","9.6-12.5-metres",922.3063384,26.22033176,0,0
"292","Unicorn","A11","BEPA",36.10165813,101.6626189,"41-60-years old","9.6-12.5-metres",818.4191059,22.6698481,1,1
"293","Unicorn","A11","VAAN",50.07849626,185.1076995,"41-60-years old","9.6-12.5-metres",1941.984187,38.77880391,0,0
"294","Unicorn","A13","ABBA",43.95427345,666.7638993,"41-60-years old","6.6-9.5-metres",1039.275487,23.6444697,0,0
"295","Unicorn","A13","ACRU",24.24412189,40.1380833,"41-60-years old","6.6-9.5-metres",733.0045804,30.23432169,1,1
"296","Unicorn","A13","BEPA",22.8526557,2.39685278,"41-60-years old","6.6-9.5-metres",619.5432819,27.1103407,1,0
"297","Unicorn","A3","ABBA",58.10934012,169.8305401,"81-100-years old","9.6-12.5-metres",2013.810357,34.65553649,0,0
"298","Unicorn","A3","ACRU",30.71977202,12.20819636,"81-100-years old","9.6-12.5-metres",496.428117,16.15988936,0,1
"299","Unicorn","A3","BEPA",44.10616678,100.3657281,"81-100-years old","9.6-12.5-metres",975.3431661,22.11353281,1,1
"300","Unicorn","A3","VAAN",44.45123257,144.1855641,"81-100-years old","9.6-12.5-metres",2207.662446,49.66481959,0,0
"301","Unicorn","A5","ABBA",47.17173737,246.377264,"41-60-years old","6.6-9.5-metres",1067.97028,22.6400455,0,0
"302","Unicorn","A7","ABBA",70.89601456,40.54739948,"41-60-years old","6.6-9.5-metres",2674.41641,37.72308538,0,0
"303","Unicorn","A7","ACRU",47.13253909,180.1917912,"41-60-years old","6.6-9.5-metres",1944.527891,41.25659106,1,1
"304","Unicorn","A7","BEPA",43.94631545,4.060166279,"41-60-years old","6.6-9.5-metres",1786.026044,40.64108733,0,0
"305","Unicorn","A7","VAAN",39.93231378,159.0814062,"41-60-years old","6.6-9.5-metres",2047.057776,51.26318969,0,0
"306","Unicorn","A9","ABBA",62.30760667,952.4724714,"41-60-years old","9.6-12.5-metres",1534.41418,24.62643426,0,1
"307","Unicorn","A9","BEPA",54.29589967,2.201468137,"41-60-years old","9.6-12.5-metres",2050.382025,37.76310987,1,0
"308","Unicorn","A9","VAAN",48.95178792,81.90374663,"41-60-years old","9.6-12.5-metres",2114.251891,43.19049377,1,0
"309","Unicorn","C10","BEPA",26.21542006,22.47250565,"41-60-years old","6.6-9.5-metres",512.4685476,19.548363,1,0
"310","Unicorn","C12","ABBA",74.16653129,1087.102341,"41-60-years old","6.6-9.5-metres",1949.085361,26.27985058,0,1
"311","Unicorn","C12","ACRU",36.03656092,112.8842828,"41-60-years old","6.6-9.5-metres",915.5822617,25.4070377,0,1
"312","Unicorn","C12","BEPA",40.11989991,768.1069257,"41-60-years old","6.6-9.5-metres",1009.097067,25.1520335,1,1
"313","Unicorn","C12","VAAN",42.79002441,474.689452,"41-60-years old","6.6-9.5-metres",2255.202017,52.70391986,0,0
"314","Unicorn","C14","ABBA",74.53629731,221.0681929,"41-60-years old","6.6-9.5-metres",2330.299831,31.26396018,1,0
"315","Unicorn","C14","ACRU",38.99628591,6.837696984,"41-60-years old","6.6-9.5-metres",856.5580933,21.96511984,1,0
"316","Unicorn","C14","BEPA",44.66576814,159.164892,"41-60-years old","6.6-9.5-metres",918.6467453,20.56713191,1,1
"317","Unicorn","C2","ABBA",70.81184723,250.790667,"41-60-years old","6.6-9.5-metres",2693.348184,38.03527643,0,1
"318","Unicorn","C2","BEPA",63.47024719,179.6374329,"41-60-years old","6.6-9.5-metres",1570.640845,24.74609624,1,1
"319","Unicorn","C2","VAAN",57.63645845,48.11188242,"41-60-years old","6.6-9.5-metres",1866.940202,32.39165369,1,0
"320","Unicorn","C4","BEPA",32.07331317,2.718055059,"41-60-years old","6.6-9.5-metres",560.5896141,17.47838183,1,1
"321","Unicorn","C6","ABBA",100.160257,4.243080326,"41-60-years old","6.6-9.5-metres",2591.011735,25.86866102,0,0
"322","Unicorn","C6","ACRU",34.88600216,10.18012219,"41-60-years old","6.6-9.5-metres",564.8136229,16.19026509,1,1
"323","Unicorn","C6","BEPA",30.94444236,1.912887853,"41-60-years old","6.6-9.5-metres",524.4360904,16.94766654,0,0
"324","Unicorn","C6","VAAN",57.21936491,107.0570621,"41-60-years old","6.6-9.5-metres",1758.305019,30.72919494,1,0
"325","Unicorn","C8","ABBA",88.84978756,1200.827,"41-60-years old","6.6-9.5-metres",2658.235407,29.91830909,0,1
"326","Unicorn","C8","ACRU",42.08262418,69.00599654,"41-60-years old","6.6-9.5-metres",1588.821569,37.75481211,1,0
"327","Unicorn","C8","VAAN",49.0456094,833.8171064,"41-60-years old","6.6-9.5-metres",1305.69796,26.62211717,0,1
"328","Unicorn","E1","ABBA",82.12149763,349.1451718,"41-60-years old","6.6-9.5-metres",3054.175818,37.19094154,0,0
"329","Unicorn","E1","ACRU",30.21261119,7.607175105,"41-60-years old","6.6-9.5-metres",766.9400495,25.38476547,1,0
"330","Unicorn","F1","ABBA",86.83973093,4172.081427,"41-60-years old","6.6-9.5-metres",2434.708214,28.03680053,0,0
"331","Unicorn","F1","VAAN",54.15600169,883.0787098,"41-60-years old","6.6-9.5-metres",2238.1013,41.32693017,0,0
"332","Unicorn","F11","ABBA",67.30554303,222.1537598,"41-60-years old","6.6-9.5-metres",1934.872334,28.74759265,0,1
"333","Unicorn","F11","ACRU",32.06687016,4398.488039,"41-60-years old","6.6-9.5-metres",867.2245484,27.04425296,1,1
"334","Unicorn","F11","BEPA",35.65699448,118.2974806,"41-60-years old","6.6-9.5-metres",634.6480457,17.79869714,1,0
"335","Unicorn","F11","VAAN",44.21213707,631.6541526,"41-60-years old","6.6-9.5-metres",1510.970113,34.1754598,1,0
"336","Unicorn","F13","ABBA",81.55521493,442.6884669,"41-60-years old","6.6-9.5-metres",2292.551595,28.11042306,0,0
"337","Unicorn","F13","ACRU",46.36752163,342.1415833,"41-60-years old","6.6-9.5-metres",740.8596176,15.97798613,0,0
"338","Unicorn","F13","VAAN",51.7905816,575.6627392,"41-60-years old","6.6-9.5-metres",2126.935062,41.0679895,1,0
"339","Unicorn","F3","ABBA",65.858112,75.82475139,"41-60-years old","6.6-9.5-metres",1188.079504,18.03998729,0,1
"340","Unicorn","F3","ACRU",41.94071635,48.3369734,"41-60-years old","6.6-9.5-metres",895.2540249,21.34570181,1,1
"341","Unicorn","F3","BEPA",45.16964473,5.250281449,"41-60-years old","6.6-9.5-metres",941.3720511,20.8408115,0,1
"342","Unicorn","F3","VAAN",48.33189573,2174.089114,"41-60-years old","6.6-9.5-metres",1819.829854,37.65277208,1,1
"343","Unicorn","F5","ABBA",93.86023523,20.51207461,"41-60-years old","6.6-9.5-metres",1397.840529,14.8927874,0,1
"344","Unicorn","F5","VAAN",60.31509604,152.2979531,"41-60-years old","6.6-9.5-metres",1515.658926,25.12901456,1,0
"345","Unicorn","F7","ABBA",93.88687536,19.10812997,"41-60-years old","6.6-9.5-metres",1533.535027,16.33385946,0,0
"346","Unicorn","F7","VAAN",48.6928578,67.32475124,"41-60-years old","6.6-9.5-metres",1739.399483,35.72186069,1,0
"347","Unicorn","F9","ABBA",80.77775817,1219.25613,"41-60-years old","6.6-9.5-metres",2576.3677,31.89451847,0,0
"348","Unicorn","F9","ACRU",37.1459873,22.91765767,"41-60-years old","6.6-9.5-metres",921.8915494,24.8180656,1,1
"349","Unicorn","G14","ABBA",77.59616585,58.66542605,"41-60-years old","6.6-9.5-metres",1365.736511,17.60056693,0,0
"350","Unicorn","G14","ACRU",30.55405097,94.96802505,"41-60-years old","6.6-9.5-metres",737.7874807,24.14696111,0,1
"351","Unicorn","I10","ABBA",79.6688593,152.8191415,"41-60-years old","6.6-9.5-metres",2975.416778,37.34729986,0,1
"352","Unicorn","I10","BEPA",43.90644534,74.00285709,"41-60-years old","6.6-9.5-metres",1461.724691,33.29180214,0,1
"353","Unicorn","I10","VAAN",45.45530569,118.5314921,"41-60-years old","6.6-9.5-metres",2224.57292,48.93978573,0,0
"354","Unicorn","I12","ABBA",65.44283696,168.4905375,"41-60-years old","6.6-9.5-metres",2345.417212,35.83917386,0,0
"355","Unicorn","I12","ACRU",38.19820655,1047.13816,"41-60-years old","6.6-9.5-metres",1577.446753,41.29635645,1,1
"356","Unicorn","I12","BEPA",39.93988475,70.09188113,"41-60-years old","6.6-9.5-metres",1241.496046,31.08411687,1,1
"357","Unicorn","I12","VAAN",49.93566583,390.0858232,"41-60-years old","6.6-9.5-metres",2208.50797,44.22706562,1,0
"358","Unicorn","I14","ABBA",64.26293967,147.7518556,"41-60-years old","6.6-9.5-metres",1708.894422,26.592223,0,1
"359","Unicorn","I14","ACRU",45.36184763,132.9229569,"41-60-years old","6.6-9.5-metres",1327.031871,29.25436111,1,1
"360","Unicorn","I2","ABBA",101.6524724,90.68679096,"41-60-years old","6.6-9.5-metres",4087.082333,40.20642329,0,0
"361","Unicorn","I2","ACRU",31.76739334,250.1607385,"41-60-years old","6.6-9.5-metres",743.0956124,23.3917717,1,1
"362","Unicorn","I2","VAAN",41.09824316,242.1674882,"41-60-years old","6.6-9.5-metres",1736.093268,42.2425178,0,0
"363","Unicorn","I4","ABBA",76.60378714,1814.470208,"41-60-years old","6.6-9.5-metres",3662.660239,47.81304391,0,1
"364","Unicorn","I4","ACRU",49.05817537,7.051752228,"41-60-years old","6.6-9.5-metres",2151.618315,43.85850674,1,1
"365","Unicorn","I4","VAAN",45.12965039,1956.997963,"41-60-years old","6.6-9.5-metres",1859.242967,41.19781455,1,0
"366","Unicorn","I6","ABBA",95.5725175,9.334596542,"41-60-years old","6.6-9.5-metres",3005.789869,31.45035777,0,0
"367","Unicorn","I6","BEPA",34.58294301,6.58562507,"41-60-years old","6.6-9.5-metres",886.056383,25.62119663,0,1
"368","Unicorn","I6","VAAN",57.726165,15046.53828,"41-60-years old","6.6-9.5-metres",1879.335014,32.55603441,1,0
"369","Unicorn","I8","VAAN",44.60445397,93.29314545,"41-60-years old","6.6-9.5-metres",1501.462241,33.66171105,1,0
"370","Unicorn","K1","ABBA",70.46143694,7.512647611,"41-60-years old","6.6-9.5-metres",2539.209522,36.03686828,0,0
"371","Unicorn","K1","ACRU",35.33681514,190.9185203,"41-60-years old","6.6-9.5-metres",907.1050508,25.67025487,1,0
"372","Unicorn","K1","VAAN",56.50497112,23.38577066,"41-60-years old","6.6-9.5-metres",2037.686161,36.06206889,1,0
"373","Unicorn","L10","ABBA",68.83113035,1918.315483,"81-100-years old","9.6-12.5-metres",2882.273444,41.87456213,0,0
"374","Unicorn","L10","ACRU",48.56534693,2.953110071,"81-100-years old","9.6-12.5-metres",1709.843665,35.20707197,0,0
"375","Unicorn","L10","BEPA",38.58876764,579.6463571,"81-100-years old","9.6-12.5-metres",1372.372173,35.56403215,0,1
"376","Unicorn","L10","VAAN",49.03575325,2633.812171,"81-100-years old","9.6-12.5-metres",2117.878395,43.19049377,0,1
"377","Unicorn","L12","ABBA",98.52383587,118.8420688,"81-100-years old","9.6-12.5-metres",2701.600495,27.42078068,0,0
"378","Unicorn","L12","VAAN",42.94497209,504.8525058,"81-100-years old","9.6-12.5-metres",1579.09421,36.77017665,1,0
"379","Unicorn","L14","ABBA",90.68394985,242.4208486,"81-100-years old","9.6-12.5-metres",2741.998929,30.23687139,0,1
"380","Unicorn","L14","ACRU",37.18506831,10.91504777,"81-100-years old","9.6-12.5-metres",1286.359703,34.59344737,0,0
"381","Unicorn","L14","BEPA",37.7636007,107.8297235,"81-100-years old","9.6-12.5-metres",1140.074781,30.18977957,0,0
"382","Unicorn","L14","VAAN",47.1265364,678.1022344,"81-100-years old","9.6-12.5-metres",1357.932454,28.81460336,0,0
"383","Unicorn","L2","VAAN",55.08634589,33.40182834,"41-60-years old","6.6-9.5-metres",2030.256195,36.85588802,1,0
"384","Unicorn","L4","ABBA",84.5723862,1981.325333,"41-60-years old","6.6-9.5-metres",2575.927911,30.45826217,0,0
"385","Unicorn","L4","ACRU",36.59180957,3631.073071,"41-60-years old","6.6-9.5-metres",1273.848464,34.81239323,0,0
"386","Unicorn","L4","VAAN",51.46763802,18362.35014,"41-60-years old","6.6-9.5-metres",1750.971234,34.02081971,0,0
"387","Unicorn","L6","ABBA",61.85493163,3.432950192,"41-60-years old","9.6-12.5-metres",2256.921249,36.48732914,0,0
"388","Unicorn","L6","ACRU",36.59805747,150.0230735,"41-60-years old","9.6-12.5-metres",1311.085998,35.82392315,1,1
"389","Unicorn","L6","BEPA",36.88600442,35.43926698,"41-60-years old","9.6-12.5-metres",1179.822668,31.98564567,1,1
"390","Unicorn","L6","VAAN",46.56667017,2.407990407,"41-60-years old","9.6-12.5-metres",1612.867066,34.6356538,0,0
"391","Unicorn","L8","ABBA",77.21917124,448.031815,"41-60-years old","9.6-12.5-metres",2545.273688,32.96168098,0,0
"392","Unicorn","L8","ACRU",34.90225561,964.3370119,"41-60-years old","9.6-12.5-metres",1080.537044,30.95894593,0,1
"393","Unicorn","L8","BEPA",41.4238684,7.746138135,"41-60-years old","9.6-12.5-metres",1055.26434,25.4747898,0,0
"394","Unicorn","L8","VAAN",47.46738,495.5485419,"41-60-years old","9.6-12.5-metres",1840.519829,38.77441369,1,0
"395","Unicorn","N1","ABBA",72.09768202,34.55336121,"41-60-years old","6.6-9.5-metres",2117.47545,29.36953576,0,1
"396","Unicorn","N1","VAAN",52.40915135,578.8342776,"41-60-years old","6.6-9.5-metres",2011.121699,38.3734834,1,1
"397","Unicorn","N11","ABBA",94.86187342,592.8497625,"41-60-years old","6.6-9.5-metres",3533.020885,37.24384473,0,0
"398","Unicorn","N11","ACRU",36.98787245,239.4273012,"41-60-years old","6.6-9.5-metres",1494.842212,40.41438755,0,0
"399","Unicorn","N11","BEPA",51.77248291,6.248071493,"41-60-years old","6.6-9.5-metres",1611.302036,31.12274988,0,0
"400","Unicorn","N11","VAAN",52.37692442,156.0664187,"41-60-years old","6.6-9.5-metres",1902.820946,36.32937533,0,0
"401","Unicorn","N13","ABBA",93.25947318,3930.608401,"81-100-years old","0-3.5-metres",3319.794237,35.59739428,0,0
"402","Unicorn","N13","ACRU",52.25128692,231.5973384,"81-100-years old","0-3.5-metres",1838.972421,35.19477757,0,1
"403","Unicorn","N13","VAAN",48.97044688,7792.511703,"81-100-years old","0-3.5-metres",2461.158145,50.25802911,0,0
"404","Unicorn","N3","ABBA",74.62179928,304.6379972,"41-60-years old","6.6-9.5-metres",2075.190657,27.80944278,0,1
"405","Unicorn","N3","VAAN",46.17916506,7190.838664,"41-60-years old","6.6-9.5-metres",1531.776722,33.17029921,1,0
"406","Unicorn","N5","ABBA",77.16978287,10.98215963,"41-60-years old","9.6-12.5-metres",3214.563222,41.65572459,0,0
"407","Unicorn","N5","ACRU",36.27411715,253.279419,"41-60-years old","9.6-12.5-metres",1397.291597,38.52034747,0,1
"408","Unicorn","N5","BEPA",70.9290469,3.835672602,"41-60-years old","9.6-12.5-metres",2485.911541,35.04786332,1,1
"409","Unicorn","N5","VAAN",46.56728647,1008.301415,"41-60-years old","9.6-12.5-metres",1798.660073,38.62497064,1,1
"410","Unicorn","N7","ABBA",86.54407836,13.42975027,"41-60-years old","9.6-12.5-metres",3159.987615,36.51304255,0,0
"411","Unicorn","N7","ACRU",38.14111437,25.83964595,"41-60-years old","9.6-12.5-metres",848.983697,22.25901658,1,1
"412","Unicorn","N7","BEPA",55.73711089,1.891303048,"41-60-years old","9.6-12.5-metres",1209.928936,21.70777991,1,0
"413","Unicorn","N7","VAAN",48.84916363,80.61971293,"41-60-years old","9.6-12.5-metres",2015.349968,41.25659106,1,0
"414","Unicorn","N9","ABBA",92.64104166,3.73743462,"41-60-years old","6.6-9.5-metres",2458.344857,26.53623937,0,0
"415","Unicorn","N9","ACRU",36.89929428,10.35049326,"41-60-years old","6.6-9.5-metres",680.7053783,18.44765304,0,1
"416","Unicorn","N9","BEPA",34.92232764,6.383515443,"41-60-years old","6.6-9.5-metres",657.4077042,18.82485357,1,0
"417","Unicorn","N9","VAAN",54.95107626,15.78014445,"41-60-years old","6.6-9.5-metres",2224.365122,40.47900921,1,0
